# Students / Physics 1st
surname:name:id:email:grade
john:smith:001:jsmith@yahoo.com:97
david:jones:002:djones@gmail.com:84
michael:johnson:003:mjohnson@gmail.com:92
chris:lee:004:clee@gmail.com:88
mike:brown:005:mbrown@gmail.com:88
mark:williams:006:mwilliams@gmail.com:84
paul:rodriguez:007:prodriguez@gmail.com:82
daniel:garcia:008:dgarcia@gmail.com:81
james:gonzalez:009:jgonzalez@gmail.com:80
maria:lopez:010:mlopez@gmail.com:79
